Name,Image
Container with Private Pool-Couple Retreat,https://www.airbnb.com/rooms/43871809/photos/1129404517?guests=1&adults=1&source_impression_id=p3_1641241913_tsVIQa3oV4Y4ZVzU
Container with Private Pool-Couple Retreat,https://www.airbnb.com/rooms/43871809/photos/1128674587?guests=1&adults=1&source_impression_id=p3_1641241913_tsVIQa3oV4Y4ZVzU
Container with Private Pool-Couple Retreat,https://www.airbnb.com/rooms/43871809/photos/1128674340?guests=1&adults=1&source_impression_id=p3_1641241913_tsVIQa3oV4Y4ZVzU
Container with Private Pool-Couple Retreat,https://www.airbnb.com/rooms/43871809/photos/1128674476?guests=1&adults=1&source_impression_id=p3_1641241913_tsVIQa3oV4Y4ZVzU
Container with Private Pool-Couple Retreat,https://www.airbnb.com/rooms/43871809/photos/1129403599?guests=1&adults=1&source_impression_id=p3_1641241913_tsVIQa3oV4Y4ZVzU
Container with Private Pool-Couple Retreat,https://www.airbnb.com/rooms/43871809/photos/1129403625?guests=1&adults=1&source_impression_id=p3_1641241913_tsVIQa3oV4Y4ZVzU
Container with Private Pool-Couple Retreat,https://www.airbnb.com/rooms/43871809/photos/1129403641?guests=1&adults=1&source_impression_id=p3_1641241913_tsVIQa3oV4Y4ZVzU
Container with Private Pool-Couple Retreat,https://www.airbnb.com/rooms/43871809/photos/1129403675?guests=1&adults=1&source_impression_id=p3_1641241913_tsVIQa3oV4Y4ZVzU
Container with Private Pool-Couple Retreat,https://www.airbnb.com/rooms/43871809/photos/1129403705?guests=1&adults=1&source_impression_id=p3_1641241913_tsVIQa3oV4Y4ZVzU
Container with Private Pool-Couple Retreat,https://www.airbnb.com/rooms/43871809/photos/1129403751?guests=1&adults=1&source_impression_id=p3_1641241913_tsVIQa3oV4Y4ZVzU
Container with Private Pool-Couple Retreat,https://www.airbnb.com/rooms/43871809/photos/1129403767?guests=1&adults=1&source_impression_id=p3_1641241913_tsVIQa3oV4Y4ZVzU
Container with Private Pool-Couple Retreat,https://www.airbnb.com/rooms/43871809/photos/1129403823?guests=1&adults=1&source_impression_id=p3_1641241913_tsVIQa3oV4Y4ZVzU
Container with Private Pool-Couple Retreat,https://www.airbnb.com/rooms/43871809/photos/1129403891?guests=1&adults=1&source_impression_id=p3_1641241913_tsVIQa3oV4Y4ZVzU
Container with Private Pool-Couple Retreat,https://www.airbnb.com/rooms/43871809/photos/1129403913?guests=1&adults=1&source_impression_id=p3_1641241913_tsVIQa3oV4Y4ZVzU
Container with Private Pool-Couple Retreat,https://www.airbnb.com/rooms/43871809/photos/1129404125?guests=1&adults=1&source_impression_id=p3_1641241913_tsVIQa3oV4Y4ZVzU
Container with Private Pool-Couple Retreat,https://www.airbnb.com/rooms/43871809/photos/1129404154?guests=1&adults=1&source_impression_id=p3_1641241913_tsVIQa3oV4Y4ZVzU
Container with Private Pool-Couple Retreat,https://www.airbnb.com/rooms/43871809/photos/1129404196?guests=1&adults=1&source_impression_id=p3_1641241913_tsVIQa3oV4Y4ZVzU
Container with Private Pool-Couple Retreat,https://www.airbnb.com/rooms/43871809/photos/1129404233?guests=1&adults=1&source_impression_id=p3_1641241913_tsVIQa3oV4Y4ZVzU
Container with Private Pool-Couple Retreat,https://www.airbnb.com/rooms/43871809/photos/1129404263?guests=1&adults=1&source_impression_id=p3_1641241913_tsVIQa3oV4Y4ZVzU
Container with Private Pool-Couple Retreat,https://www.airbnb.com/rooms/43871809/photos/1129404274?guests=1&adults=1&source_impression_id=p3_1641241913_tsVIQa3oV4Y4ZVzU
Container with Private Pool-Couple Retreat,https://www.airbnb.com/rooms/43871809/photos/1129404356?guests=1&adults=1&source_impression_id=p3_1641241913_tsVIQa3oV4Y4ZVzU
Container with Private Pool-Couple Retreat,https://www.airbnb.com/rooms/43871809/photos/1129404381?guests=1&adults=1&source_impression_id=p3_1641241913_tsVIQa3oV4Y4ZVzU
Container with Private Pool-Couple Retreat,https://www.airbnb.com/rooms/43871809/photos/1129404398?guests=1&adults=1&source_impression_id=p3_1641241913_tsVIQa3oV4Y4ZVzU
Container with Private Pool-Couple Retreat,https://www.airbnb.com/rooms/43871809/photos/1129404458?guests=1&adults=1&source_impression_id=p3_1641241913_tsVIQa3oV4Y4ZVzU
Container with Private Pool-Couple Retreat,https://www.airbnb.com/rooms/43871809/photos/1129404477?guests=1&adults=1&source_impression_id=p3_1641241913_tsVIQa3oV4Y4ZVzU
Container with Private Pool-Couple Retreat,https://www.airbnb.com/rooms/43871809/photos/1129404498?guests=1&adults=1&source_impression_id=p3_1641241913_tsVIQa3oV4Y4ZVzU
Container with Private Pool-Couple Retreat,https://www.airbnb.com/rooms/43871809/photos/1129404641?guests=1&adults=1&source_impression_id=p3_1641241913_tsVIQa3oV4Y4ZVzU
Container with Private Pool-Couple Retreat,https://www.airbnb.com/rooms/43871809/photos/1129404839?guests=1&adults=1&source_impression_id=p3_1641241913_tsVIQa3oV4Y4ZVzU
Container with Private Pool-Couple Retreat,https://www.airbnb.com/rooms/43871809/photos/1171064640?guests=1&adults=1&source_impression_id=p3_1641241913_tsVIQa3oV4Y4ZVzU
Container with Private Pool-Couple Retreat,https://www.airbnb.com/rooms/43871809/photos/1177991616?guests=1&adults=1&source_impression_id=p3_1641241913_tsVIQa3oV4Y4ZVzU
Container with Private Pool-Couple Retreat,https://www.airbnb.com/rooms/43871809/photos/1177991639?guests=1&adults=1&source_impression_id=p3_1641241913_tsVIQa3oV4Y4ZVzU
Container with Private Pool-Couple Retreat,https://www.airbnb.com/rooms/43871809/photos/1177991663?guests=1&adults=1&source_impression_id=p3_1641241913_tsVIQa3oV4Y4ZVzU
Container with Private Pool-Couple Retreat,https://www.airbnb.com/rooms/43871809/photos/1177991693?guests=1&adults=1&source_impression_id=p3_1641241913_tsVIQa3oV4Y4ZVzU
Container with Private Pool-Couple Retreat,https://www.airbnb.com/rooms/43871809/photos/1177991733?guests=1&adults=1&source_impression_id=p3_1641241913_tsVIQa3oV4Y4ZVzU
Container with Private Pool-Couple Retreat,https://www.airbnb.com/rooms/43871809/photos/1177991763?guests=1&adults=1&source_impression_id=p3_1641241913_tsVIQa3oV4Y4ZVzU
Container with Private Pool-Couple Retreat,https://www.airbnb.com/rooms/43871809/photos/1177991802?guests=1&adults=1&source_impression_id=p3_1641241913_tsVIQa3oV4Y4ZVzU
Container with Private Pool-Couple Retreat,https://www.airbnb.com/rooms/43871809/photos/1177992420?guests=1&adults=1&source_impression_id=p3_1641241913_tsVIQa3oV4Y4ZVzU
Container with Private Pool-Couple Retreat,https://www.airbnb.com/rooms/43871809/photos/1177991881?guests=1&adults=1&source_impression_id=p3_1641241913_tsVIQa3oV4Y4ZVzU
Container with Private Pool-Couple Retreat,https://www.airbnb.com/rooms/43871809/photos/1177992983?guests=1&adults=1&source_impression_id=p3_1641241913_tsVIQa3oV4Y4ZVzU
