Name,Image_link
https://a0.muscache.com/im/pictures/41b4ee2e-f6be-4b00-b4f0-05ec0fc84eb6.jpg?im_w=720
https://a0.muscache.com/im/pictures/41b4ee2e-f6be-4b00-b4f0-05ec0fc84eb6.jpg?im_w=720
https://a0.muscache.com/im/pictures/41b4ee2e-f6be-4b00-b4f0-05ec0fc84eb6.jpg?im_w=720
https://a0.muscache.com/im/pictures/41b4ee2e-f6be-4b00-b4f0-05ec0fc84eb6.jpg?im_w=720
https://a0.muscache.com/im/pictures/41b4ee2e-f6be-4b00-b4f0-05ec0fc84eb6.jpg?im_w=720
https://a0.muscache.com/im/pictures/41b4ee2e-f6be-4b00-b4f0-05ec0fc84eb6.jpg?im_w=720
https://a0.muscache.com/im/pictures/41b4ee2e-f6be-4b00-b4f0-05ec0fc84eb6.jpg?im_w=720
https://a0.muscache.com/im/pictures/41b4ee2e-f6be-4b00-b4f0-05ec0fc84eb6.jpg?im_w=720
https://a0.muscache.com/im/pictures/41b4ee2e-f6be-4b00-b4f0-05ec0fc84eb6.jpg?im_w=720
https://a0.muscache.com/im/pictures/41b4ee2e-f6be-4b00-b4f0-05ec0fc84eb6.jpg?im_w=720
https://a0.muscache.com/im/pictures/41b4ee2e-f6be-4b00-b4f0-05ec0fc84eb6.jpg?im_w=720
https://a0.muscache.com/im/pictures/41b4ee2e-f6be-4b00-b4f0-05ec0fc84eb6.jpg?im_w=720
https://a0.muscache.com/im/pictures/41b4ee2e-f6be-4b00-b4f0-05ec0fc84eb6.jpg?im_w=720
https://a0.muscache.com/im/pictures/41b4ee2e-f6be-4b00-b4f0-05ec0fc84eb6.jpg?im_w=720
https://a0.muscache.com/im/pictures/41b4ee2e-f6be-4b00-b4f0-05ec0fc84eb6.jpg?im_w=720
https://a0.muscache.com/im/pictures/41b4ee2e-f6be-4b00-b4f0-05ec0fc84eb6.jpg?im_w=720
https://a0.muscache.com/im/pictures/41b4ee2e-f6be-4b00-b4f0-05ec0fc84eb6.jpg?im_w=720
https://a0.muscache.com/im/pictures/41b4ee2e-f6be-4b00-b4f0-05ec0fc84eb6.jpg?im_w=720
https://a0.muscache.com/im/pictures/41b4ee2e-f6be-4b00-b4f0-05ec0fc84eb6.jpg?im_w=720
https://a0.muscache.com/im/pictures/41b4ee2e-f6be-4b00-b4f0-05ec0fc84eb6.jpg?im_w=720
https://a0.muscache.com/im/pictures/41b4ee2e-f6be-4b00-b4f0-05ec0fc84eb6.jpg?im_w=720
https://a0.muscache.com/im/pictures/41b4ee2e-f6be-4b00-b4f0-05ec0fc84eb6.jpg?im_w=720
https://a0.muscache.com/im/pictures/41b4ee2e-f6be-4b00-b4f0-05ec0fc84eb6.jpg?im_w=720
https://a0.muscache.com/im/pictures/41b4ee2e-f6be-4b00-b4f0-05ec0fc84eb6.jpg?im_w=720
https://a0.muscache.com/im/pictures/41b4ee2e-f6be-4b00-b4f0-05ec0fc84eb6.jpg?im_w=720
https://a0.muscache.com/im/pictures/41b4ee2e-f6be-4b00-b4f0-05ec0fc84eb6.jpg?im_w=720
https://a0.muscache.com/im/pictures/41b4ee2e-f6be-4b00-b4f0-05ec0fc84eb6.jpg?im_w=720
https://a0.muscache.com/im/pictures/41b4ee2e-f6be-4b00-b4f0-05ec0fc84eb6.jpg?im_w=720
https://a0.muscache.com/im/pictures/41b4ee2e-f6be-4b00-b4f0-05ec0fc84eb6.jpg?im_w=720
https://a0.muscache.com/im/pictures/41b4ee2e-f6be-4b00-b4f0-05ec0fc84eb6.jpg?im_w=720
https://a0.muscache.com/im/pictures/41b4ee2e-f6be-4b00-b4f0-05ec0fc84eb6.jpg?im_w=720
https://a0.muscache.com/im/pictures/41b4ee2e-f6be-4b00-b4f0-05ec0fc84eb6.jpg?im_w=720
https://a0.muscache.com/im/pictures/41b4ee2e-f6be-4b00-b4f0-05ec0fc84eb6.jpg?im_w=720
https://a0.muscache.com/im/pictures/41b4ee2e-f6be-4b00-b4f0-05ec0fc84eb6.jpg?im_w=720
https://a0.muscache.com/im/pictures/41b4ee2e-f6be-4b00-b4f0-05ec0fc84eb6.jpg?im_w=720
https://a0.muscache.com/im/pictures/41b4ee2e-f6be-4b00-b4f0-05ec0fc84eb6.jpg?im_w=720
https://a0.muscache.com/im/pictures/41b4ee2e-f6be-4b00-b4f0-05ec0fc84eb6.jpg?im_w=720
https://a0.muscache.com/im/pictures/41b4ee2e-f6be-4b00-b4f0-05ec0fc84eb6.jpg?im_w=720
https://a0.muscache.com/im/pictures/41b4ee2e-f6be-4b00-b4f0-05ec0fc84eb6.jpg?im_w=720
